{
   "eval_total_reward": -76.19999694824219,
   "reward_scale": {
      "value": 1.0,
      "step": 241
   },
   "epsilon": {
      "initial_learning_rate": 0.2,
      "decay_steps": 100,
      "decay_rate": 0.5,
      "staircase": true,
      "name": null,
      "value": 0.05000000074505806,
      "step": 241
   },
   "polyak": {
      "value": 0.9950000047683716,
      "step": 241
   },
   "lr": {
      "value": 0.0010000000474974513,
      "step": 241
   }
}