{
   "reward_scale": {
      "value": 1.0,
      "step": 201
   },
   "epsilon": {
      "initial_learning_rate": 0.2,
      "decay_steps": 100,
      "decay_rate": 0.5,
      "staircase": true,
      "name": null,
      "value": 0.1,
      "step": 201
   },
   "polyak": {
      "value": 0.9950000047683716,
      "step": 201
   },
   "alpha": {
      "value": 0.6000000238418579,
      "step": 201
   },
   "beta": {
      "value": 0.10000000149011612,
      "step": 201
   },
   "lr": {
      "value": 0.0010000000474974513,
      "step": 201
   },
   "eval_total_reward": 500.0
}