{
   "eval_total_reward": -96.98435974121094,
   "reward_scale": {
      "value": 1.0,
      "step": 921
   },
   "entropy_lr": {
      "value": 0.0010000000474974513,
      "step": 921
   },
   "critic_lr": {
      "initial_learning_rate": 0.0001,
      "decay_steps": 500,
      "decay_rate": 0.1,
      "staircase": true,
      "name": null,
      "value": 9.999999747378752e-06,
      "step": 921
   },
   "actor_lr": {
      "initial_learning_rate": 0.0001,
      "decay_steps": 500,
      "decay_rate": 0.1,
      "staircase": true,
      "name": null,
      "value": 9.999999747378752e-06,
      "step": 921
   },
   "target_entropy": {
      "value": -1.0,
      "step": 921
   },
   "alpha": {
      "value": 0.6000000238418579,
      "step": 921
   },
   "beta": {
      "value": 0.10000000149011612,
      "step": 921
   }
}